{"cameraMode":{"drawMode":0,"name":"Shaded","section":"Shading Mode"},"sceneLighting":true,"audioPlay":false,"sceneViewState":{"m_AlwaysRefresh":false,"showFog":true,"showSkybox":true,"showFlares":true,"showImageEffects":true,"showParticleSystems":true,"showVisualEffectGraphs":true,"m_FxEnabled":true},"in2DMode":false,"pivot":{"x":37.730628967285159,"y":-12.886686325073243,"z":-16.93807601928711},"rotation":{"x":-0.11887559294700623,"y":-0.7596496343612671,"z":0.14505398273468018,"w":-0.6226491928100586},"size":28.297510147094728,"orthographic":false}